sub_feature_a,sub_feature_b,mean_abs_interaction
Vincent RA - Recent Conversation Opened,Text Editor Opened,0.07445424050092697
Vincent RA - Legal Authorities Tab Viewed,Text Editor Updated,0.06528621166944504
Vincent RA - Recent Conversation Opened,Vincent RA - Legal Authorities Tab Viewed,0.053559720516204834
Text Editor Updated,Vincent RA - Document upload,0.04894394427537918
Matter - AI Action Viewed,Work - Work Opened,0.04791533946990967
Vincent RA - Legal Authorities Tab Viewed,Manage - Recent Work Conversation Opened,0.04671676456928253
Vincent RA - Recent Conversation Opened,Text Editor Updated,0.04634961485862732
Manage - Recent Work Conversation Opened,Vincent RA - Document upload,0.04284868389368057
Workflow: default,Matter - AI Action Generated,0.037760842591524124
Vincent RA - Legal Authorities Tab Viewed,Workflow: default,0.03735887259244919
Text Editor Opened,Manage - Recent Work Conversation Opened,0.035911012440919876
Vincent RA - Recent Conversation Opened,Vincent RA - New Conversation Started,0.03541872650384903
Vincent RA - Legal Authorities Tab Viewed,Text Editor Opened,0.03431269899010658
Vincent RA - Recent Conversation Opened,Workflow: default,0.03386307135224342
Vincent RA - New Conversation Started,Vincent RA - Task submission,0.03298810124397278
Vincent RA - Query Classification,Workflow: others,0.03118140436708927
Vincent RA - Document upload,Matter - AI Action Generated,0.031022366136312485
Vincent RA - Recent Conversation Opened,Work - Work Opened (Excludes App Switcher),0.029014959931373596
Text Editor Opened,Vincent RA - Task submission,0.026827266439795494
Text Editor Opened,Vincent RA - Document upload,0.026785239577293396
Vincent RA - Legal Authorities Tab Viewed,Matter - AI Action Viewed,0.02667783387005329
Vincent RA - Recent Conversation Opened,Manage - Recent Work Conversation Opened,0.024806570261716843
Vincent RA - New Conversation Started,Vincent RA - Jurisdiction Selected,0.024393655359745026
Vincent RA - Task submission,Matter - AI Action Generated,0.024148060008883476
Text Editor Opened,Text Editor Updated,0.0237793680280447
Text Editor Opened,Workflow: default,0.0227917842566967
Text Editor Opened,Work - Work Opened (Excludes App Switcher),0.022709062322974205
Vincent RA - Legal Authorities Tab Viewed,Vincent RA - Jurisdiction Selected,0.02201821655035019
Vincent RA - New Conversation Started,Workflow: others,0.02193237468600273
Text Editor Opened,Matter - AI Action Viewed,0.021308574825525284
Vincent RA - Legal Authorities Tab Viewed,Matter - AI Action Generated,0.021145882084965706
Vincent RA - Recent Conversation Opened,Vincent RA - Task submission,0.021031534299254417
Work - Work Opened (Excludes App Switcher),Vincent RA - New Conversation Started,0.02083413302898407
Manage - Recent Work Conversation Opened,Vincent RA - Task submission,0.02006453648209572
Vincent RA - Legal Authorities Tab Viewed,Work - Work Opened,0.019748065620660782
Text Editor Updated,Matter - AI Action Generated,0.01944972574710846
Text Editor Updated,Matter - AI Action Viewed,0.019439946860074997
Matter - AI Action Viewed,Vincent RA - Jurisdiction Selected,0.01888704113662243
Matter - AI Action Viewed,Vincent RA - Document upload,0.018684055656194687
Work - Work Opened (Excludes App Switcher),Work - Work Opened,0.017958946526050568
Text Editor Updated,Vincent RA - Jurisdiction Selected,0.017827004194259644
Text Editor Opened,Work - Work Opened,0.017790861427783966
Text Editor Opened,Vincent RA - New Conversation Started,0.01762099750339985
Vincent RA - Legal Authorities Tab Viewed,Vincent RA - Query Classification,0.017381073907017708
Workflow: default,Matter - AI Action Viewed,0.01723800040781498
Vincent RA - New Conversation Started,Workflow: default,0.01674170047044754
Vincent RA - Document upload,Vincent RA - Jurisdiction Selected,0.016128821298480034
Vincent RA - New Conversation Started,Matter - AI Action Viewed,0.015713954344391823
Vincent RA - Legal Authorities Tab Viewed,Vincent RA - New Conversation Started,0.01567842997610569
Vincent RA - Recent Conversation Opened,Vincent RA - Query Classification,0.015155547298491001
Vincent RA - Task submission,Workflow: others,0.014814252033829689
Vincent RA - Recent Conversation Opened,Matter - AI Action Viewed,0.014584111981093884
Workflow: others,Task: free_form_message,0.014557020738720894
Vincent RA - Legal Authorities Tab Viewed,Vincent RA - Document upload,0.014404253102838993
Matter - AI Action Viewed,Matter - AI Action Generated,0.014312468469142914
Text Editor Updated,Vincent RA - Task submission,0.014143153093755245
Vincent RA - Jurisdiction Selected,Matter - AI Action Generated,0.013908707536756992
Text Editor Opened,Vincent RA - Jurisdiction Selected,0.013764778152108192
Text Editor Updated,Task: free_form_message,0.013742314651608467
Manage - Recent Work Conversation Opened,Matter - AI Action Viewed,0.013316217809915543
Vincent RA - Recent Conversation Opened,Vincent RA - Document upload,0.01297974307090044
Work - Work Opened (Excludes App Switcher),Manage - Recent Work Conversation Opened,0.012432055547833443
Vincent RA - Recent Conversation Opened,Work - Work Opened,0.01234627328813076
Work - Work Opened,Matter - AI Action Generated,0.012096257880330086
Vincent RA - Recent Conversation Opened,Matter - AI Action Generated,0.011949596926569939
Workflow: others,Matter - AI Action Generated,0.011590322479605675
Text Editor Updated,Manage - Recent Work Conversation Opened,0.011245645582675934
Vincent RA - Legal Authorities Tab Viewed,Work - Work Opened (Excludes App Switcher),0.010739587247371674
Work - Work Opened (Excludes App Switcher),Matter - AI Action Viewed,0.010417561046779156
Vincent RA - Task submission,Vincent RA - Jurisdiction Selected,0.010350826196372509
Text Editor Opened,Matter - AI Action Generated,0.010209285654127598
Work - Work Opened (Excludes App Switcher),Task: free_form_message,0.010102798230946064
Work - Work Opened,Vincent RA - Document upload,0.010039571672677994
Text Editor Updated,Workflow: default,0.010023346170783043
Vincent RA - Query Classification,Matter - AI Action Viewed,0.00965597853064537
Vincent RA - Recent Conversation Opened,Vincent RA - Jurisdiction Selected,0.009625766426324844
Work - Work Opened (Excludes App Switcher),Vincent RA - Task submission,0.009454423561692238
Text Editor Updated,Work - Work Opened (Excludes App Switcher),0.009435033425688744
Vincent RA - New Conversation Started,Work - Work Opened,0.009254838339984417
Vincent RA - Legal Authorities Tab Viewed,Vincent RA - Task submission,0.009210684336721897
Text Editor Updated,Manage - Document Analyzed in Vincent,0.009134343825280666
Text Editor Updated,Workflow: others,0.009051232598721981
Manage - Recent Work Conversation Opened,Vincent RA - Jurisdiction Selected,0.008976109325885773
Work - Work Opened,Vincent RA - Jurisdiction Selected,0.00852670706808567
Matter - AI Action Viewed,Workflow: others,0.008508039638400078
Text Editor Opened,Task: free_form_message,0.008387650363147259
Vincent RA - Task submission,Vincent RA - Document upload,0.008267813362181187
Vincent RA - New Conversation Started,Matter - AI Action Generated,0.008264616131782532
Work - Work Opened (Excludes App Switcher),Matter - AI Action Generated,0.008187727071344852
Vincent RA - New Conversation Started,Vincent RA - Document upload,0.007529259193688631
Text Editor Opened,Manage - Document Analyzed in Vincent,0.007515126373618841
Text Editor Updated,Work - Work Opened,0.007475432939827442
Vincent RA - Legal Authorities Tab Viewed,Workflow: others,0.007465029135346413
Workflow: default,Work - Work Opened,0.0071158274076879025
Vincent RA - Recent Conversation Opened,Workflow: others,0.007080031558871269
Workflow: default,Vincent RA - Jurisdiction Selected,0.006776951253414154
Workflow: others,Vincent RA - Jurisdiction Selected,0.00674542086198926
Text Editor Updated,Vincent RA - New Conversation Started,0.00672742398455739
Vincent RA - Query Classification,Vincent RA - Document upload,0.006671610753983259
Vincent RA - Task submission,Matter - AI Action Viewed,0.006456900388002396
Vincent RA - Query Classification,Vincent RA - Jurisdiction Selected,0.006328670773655176
Work - Work Opened (Excludes App Switcher),Vincent RA - Document upload,0.00604193564504385
Manage - Recent Work Conversation Opened,Vincent RA - New Conversation Started,0.006002907641232014
Manage - Recent Work Conversation Opened,Work - Work Opened,0.005997711326926947
Manage - Recent Work Conversation Opened,Manage - Document Analyzed in Vincent,0.005983594339340925
Vincent RA - Document upload,Workflow: others,0.005892061162739992
Vincent RA - Query Classification,Work - Work Opened,0.005760755855590105
Task: free_form_message,Matter - AI Action Generated,0.005754938814789057
Vincent RA - Document upload,Manage - Document Analyzed in Vincent,0.005679858848452568
Text Editor Updated,Vincent RA - Query Classification,0.005476069636642933
Matter - AI Action Viewed,Task: free_form_message,0.005458415485918522
Vincent RA - New Conversation Started,Task: free_form_message,0.005327101796865463
Vincent RA - Legal Authorities Tab Viewed,Task: free_form_message,0.004918853752315044
Manage - Recent Work Conversation Opened,Workflow: default,0.004592766985297203
Work - Work Opened,Workflow: others,0.004586764145642519
Work - Work Opened (Excludes App Switcher),Workflow: default,0.004570119082927704
Work - Work Opened,Task: free_form_message,0.004492976702749729
Work - Work Opened (Excludes App Switcher),Workflow: others,0.004476431291550398
Manage - Recent Work Conversation Opened,Workflow: others,0.004291309975087643
Vincent RA - Legal Authorities Tab Viewed,Manage - Document Analyzed in Vincent,0.0041220709681510925
Manage - Recent Work Conversation Opened,Matter - AI Action Generated,0.004080058541148901
Text Editor Opened,Workflow: others,0.003955999854952097
Vincent RA - Recent Conversation Opened,Task: free_form_message,0.0038873625453561544
Vincent RA - New Conversation Started,Vincent RA - Query Classification,0.0038497860077768564
Work - Work Opened (Excludes App Switcher),Vincent RA - Jurisdiction Selected,0.0037419672589749098
Vincent RA - Document upload,Task: free_form_message,0.003622959600761533
Vincent RA - Query Classification,Matter - AI Action Generated,0.0036079513374716043
Workflow: default,Vincent RA - Document upload,0.003568507730960846
Text Editor Opened,Vincent RA - Query Classification,0.0033271813299506903
Work - Work Opened (Excludes App Switcher),Vincent RA - Query Classification,0.003105929121375084
Vincent RA - Task submission,Work - Work Opened,0.003033508313819766
Vincent RA - Task submission,Workflow: default,0.0028849949594587088
Vincent RA - Query Classification,Task: free_form_message,0.0026145661249756813
Vincent RA - New Conversation Started,Manage - Document Analyzed in Vincent,0.0021293300669640303
Vincent RA - Task submission,Task: free_form_message,0.0018128970405086875
Work - Work Opened,Manage - Document Analyzed in Vincent,0.0017535986844450235
Manage - Document Analyzed in Vincent,Matter - AI Action Generated,0.0016856398433446884
Manage - Recent Work Conversation Opened,Vincent RA - Query Classification,0.0010942044900730252
Vincent RA - Jurisdiction Selected,Task: support_proposition,0.0
Manage - Document Analyzed in Vincent,Vincent RA - Tables Empty Table Selected,0.0
Manage - Document Analyzed in Vincent,Task: support_proposition,0.0
Matter - AI Action Generated,Task: support_proposition,0.0
Matter - AI Action Generated,Vincent RA - Tables Empty Table Selected,0.0
Work - Work Opened,Vincent RA - Tables Empty Table Selected,0.0
Vincent RA - Jurisdiction Selected,Vincent RA - Tables Empty Table Selected,0.0
Task: free_form_message,Task: support_proposition,0.0
Vincent RA - Document upload,Task: support_proposition,0.0
Task: free_form_message,Manage - Document Analyzed in Vincent,0.0
Vincent RA - Recent Conversation Opened,Vincent RA - Tables Empty Table Selected,0.0
Vincent RA - Recent Conversation Opened,Task: support_proposition,0.0
Workflow: others,Manage - Document Analyzed in Vincent,0.0
Vincent RA - Recent Conversation Opened,Manage - Document Analyzed in Vincent,0.0
Vincent RA - Jurisdiction Selected,Manage - Document Analyzed in Vincent,0.0
Workflow: others,Task: support_proposition,0.0
Workflow: others,Vincent RA - Tables Empty Table Selected,0.0
Work - Work Opened,Task: support_proposition,0.0
Task: free_form_message,Vincent RA - Jurisdiction Selected,0.0
Task: free_form_message,Vincent RA - Tables Empty Table Selected,0.0
Vincent RA - Document upload,Vincent RA - Tables Empty Table Selected,0.0
Text Editor Opened,Vincent RA - Tables Empty Table Selected,0.0
Vincent RA - Legal Authorities Tab Viewed,Task: support_proposition,0.0
Vincent RA - Legal Authorities Tab Viewed,Vincent RA - Tables Empty Table Selected,0.0
Manage - Recent Work Conversation Opened,Vincent RA - Tables Empty Table Selected,0.0
Manage - Recent Work Conversation Opened,Task: support_proposition,0.0
Vincent RA - New Conversation Started,Task: support_proposition,0.0
Vincent RA - New Conversation Started,Vincent RA - Tables Empty Table Selected,0.0
Vincent RA - Task submission,Vincent RA - Query Classification,0.0
Manage - Recent Work Conversation Opened,Task: free_form_message,0.0
Vincent RA - Task submission,Manage - Document Analyzed in Vincent,0.0
Vincent RA - Task submission,Task: support_proposition,0.0
Vincent RA - Task submission,Vincent RA - Tables Empty Table Selected,0.0
Vincent RA - Query Classification,Workflow: default,0.0
Work - Work Opened (Excludes App Switcher),Vincent RA - Tables Empty Table Selected,0.0
Work - Work Opened (Excludes App Switcher),Task: support_proposition,0.0
Work - Work Opened (Excludes App Switcher),Manage - Document Analyzed in Vincent,0.0
Vincent RA - Query Classification,Manage - Document Analyzed in Vincent,0.0
Vincent RA - Query Classification,Task: support_proposition,0.0
Vincent RA - Query Classification,Vincent RA - Tables Empty Table Selected,0.0
Workflow: default,Workflow: others,0.0
Workflow: default,Task: free_form_message,0.0
Workflow: default,Manage - Document Analyzed in Vincent,0.0
Text Editor Updated,Vincent RA - Tables Empty Table Selected,0.0
Workflow: default,Task: support_proposition,0.0
Workflow: default,Vincent RA - Tables Empty Table Selected,0.0
Text Editor Updated,Task: support_proposition,0.0
Text Editor Opened,Task: support_proposition,0.0
Matter - AI Action Viewed,Manage - Document Analyzed in Vincent,0.0
Matter - AI Action Viewed,Task: support_proposition,0.0
Matter - AI Action Viewed,Vincent RA - Tables Empty Table Selected,0.0
Task: support_proposition,Vincent RA - Tables Empty Table Selected,0.0
